{
  "total_api": 12152,
  "total_scrapeado": 930,
  "cobertura_pct": 7.653061224489796,
  "ofertas_faltantes": 11222,
  "estado": "CRITICO",
  "timestamp": "2025-10-31T00:05:54.066271"
}