{
  "total_api": 42,
  "total_scrapeado": 136,
  "cobertura_pct": 323.8095238095238,
  "ofertas_faltantes": -94,
  "estado": "EXCELENTE",
  "timestamp": "2025-10-30T23:54:28.535207"
}