{
  "total_api": 12174,
  "total_scrapeado": 4414,
  "cobertura_pct": 36.257598160013146,
  "ofertas_faltantes": 7760,
  "estado": "CRITICO",
  "timestamp": "2025-10-31T08:56:55.097098"
}