{
  "total_api": 12152,
  "total_scrapeado": 136,
  "cobertura_pct": 1.119157340355497,
  "ofertas_faltantes": 12016,
  "estado": "CRITICO",
  "timestamp": "2025-10-30T23:55:13.213356"
}