{
  "total_ofertas": 8472,
  "matched_esco": 493,
  "matching_threshold": NaN,
  "avg_similarity": 0.5797058823529412,
  "timestamp": "2025-10-25T20:04:55.009849"
}